,0,1
0,標題,網址
1,[抱怨] 台北大安美登利 ~又貴又雷~,https://www.ptt.cc/bbs/Food/M.1666955950.A.22A.html
2,[食記] 嘉義 稻荷壽司外帶專賣,https://www.ptt.cc/bbs/Food/M.1666961893.A.733.html
3,[食記] 台北 味処 初梅~來吃鮎飯,https://www.ptt.cc/bbs/Food/M.1666965280.A.981.html
4,[食記] 台北中山 行天宮捷運站 填一點甜點工作室,https://www.ptt.cc/bbs/Food/M.1666966718.A.606.html
5,[食記] 萬金缸爐碳烤燒餅 基隆暖暖 蔥香足五香餅,https://www.ptt.cc/bbs/Food/M.1666967100.A.FCC.html
6,[食記] 高雄 鳳鳴 日式串燒&丼飯,https://www.ptt.cc/bbs/Food/M.1666970131.A.BFA.html
7,[食記] 淡水 大腳印複合餐廳,https://www.ptt.cc/bbs/Food/M.1667005385.A.6F4.html
8,[食記] 高雄 鼓山區│丹丹漢堡 西子灣店,https://www.ptt.cc/bbs/Food/M.1667014441.A.D31.html
9,[請益] 台北古早味早餐,https://www.ptt.cc/bbs/Food/M.1667041472.A.6BD.html
10,[食記] 台北 嘉義栗子和法國栗子蒙布朗《法朋烘,https://www.ptt.cc/bbs/Food/M.1667046751.A.9F5.html
11,[食記] 施家鮮肉湯圓 台北大同 鹹香夠味鮮肉湯圓,https://www.ptt.cc/bbs/Food/M.1667046965.A.482.html
12,[食記] 南投埔里｜隱咖啡IN CAFÉ,https://www.ptt.cc/bbs/Food/M.1667050338.A.2D0.html
13,[公告] Food板 板規 V3.91,https://www.ptt.cc/bbs/Food/M.1355673582.A.5F7.html
14,[公告] 發文請在標題加上地區及提供地址電話。^^,https://www.ptt.cc/bbs/Food/M.1190944426.A.E6C.html
15,[公告] 文章被刪除者請洽精華區的資源回收桶,https://www.ptt.cc/bbs/Food/M.1128132666.A.0FD.html
16,[公告] 新增板規22：發文禁附延伸閱讀連結,https://www.ptt.cc/bbs/Food/M.1496532469.A.C36.html
